{
  "period": "2511",
  "generated_at": "2026-01-05T15:15:33.390581",
  "csv_source": "../Dashboard_Raw_Data/HKMC/2511/HKMC_PL_2511.csv",
  "stores": {
    "M01": {
      "net_sales": 14774.3705,
      "net_sales_prev": 21165.997799999997,
      "gross_profit": 9553.205184600001,
      "gross_profit_prev": 13337.346611599998,
      "selling_expense": 9650.33034,
      "selling_expense_prev": 12173.683590000002,
      "direct_profit": -97.12515539999913,
      "direct_profit_prev": 1163.6630215999958,
      "direct_profit_rate": -0.6573894664412208,
      "yoy": 69.80238134580172,
      "prev_yoy": 80.07861476497415
    },
    "M02": {
      "net_sales": 5442.118,
      "net_sales_prev": 7093.1089999999995,
      "gross_profit": 3553.3302387,
      "gross_profit_prev": 4500.6782814,
      "selling_expense": 5276.11285,
      "selling_expense_prev": 5440.690210000001,
      "direct_profit": -1722.7826113000006,
      "direct_profit_prev": -940.0119286000008,
      "direct_profit_rate": -31.65647292653339,
      "yoy": 76.72401481494224,
      "prev_yoy": 50.91757910839253
    },
    "M05": {
      "net_sales": 8295.2495,
      "net_sales_prev": 10071.261,
      "gross_profit": 5374.567649399999,
      "gross_profit_prev": 6348.1297404,
      "selling_expense": 6549.12893,
      "selling_expense_prev": 6721.426009999999,
      "direct_profit": -1174.5612806000008,
      "direct_profit_prev": -373.2962695999995,
      "direct_profit_rate": -14.159444879867698,
      "yoy": 82.36554985517702,
      "prev_yoy": 50.837983454686885
    },
    "M06": {
      "net_sales": 3144.0475500000002,
      "net_sales_prev": 0.0,
      "gross_profit": -204.908212042,
      "gross_profit_prev": 0.0,
      "selling_expense": 699.5142500000001,
      "selling_expense_prev": 0.0,
      "direct_profit": -904.422462042,
      "direct_profit_prev": 0.0,
      "direct_profit_rate": -28.766182688362967,
      "yoy": 0,
      "prev_yoy": 0
    },
    "M07": {
      "net_sales": 16725.126500000002,
      "net_sales_prev": 21597.355299999996,
      "gross_profit": 7305.8122776,
      "gross_profit_prev": 10382.4191829,
      "selling_expense": 6386.36523,
      "selling_expense_prev": 7305.655830000001,
      "direct_profit": 919.4470475999997,
      "direct_profit_prev": 3076.7633528999986,
      "direct_profit_rate": 5.497399661521242,
      "yoy": 77.44062301924535,
      "prev_yoy": 74.02740939966392
    },
    "M08": {
      "net_sales": 3485.761,
      "net_sales_prev": 5210.1535,
      "gross_profit": 2222.19767956,
      "gross_profit_prev": 3251.2443642,
      "selling_expense": 2665.4685399999994,
      "selling_expense_prev": 4040.5214600000004,
      "direct_profit": -443.2708604399995,
      "direct_profit_prev": -789.2770958000006,
      "direct_profit_rate": -12.716616556327285,
      "yoy": 66.90323039426765,
      "prev_yoy": 72.68440211481663
    },
    "M09": {
      "net_sales": 5869.5305,
      "net_sales_prev": 6717.743499999999,
      "gross_profit": 3705.2340590999997,
      "gross_profit_prev": 4192.627291700001,
      "selling_expense": 3397.68673,
      "selling_expense_prev": 3784.68175,
      "direct_profit": 307.54732909999984,
      "direct_profit_prev": 407.9455417000004,
      "direct_profit_rate": 5.239726228528839,
      "yoy": 87.37354291660586,
      "prev_yoy": 73.57474027305726
    },
    "M10": {
      "net_sales": 18976.801000000003,
      "net_sales_prev": 20245.060999999998,
      "gross_profit": 12261.0738511,
      "gross_profit_prev": 12763.7202031,
      "selling_expense": 8954.82166,
      "selling_expense_prev": 8610.73156,
      "direct_profit": 3306.2521911000003,
      "direct_profit_prev": 4152.9886430999995,
      "direct_profit_rate": 17.42260031656547,
      "yoy": 93.73545972521399,
      "prev_yoy": 81.41030206167098
    },
    "M11": {
      "net_sales": 11550.805999999999,
      "net_sales_prev": 12217.156500000001,
      "gross_profit": 7526.6315286,
      "gross_profit_prev": 7745.2126800999995,
      "selling_expense": 5151.50861,
      "selling_expense_prev": 5472.65907,
      "direct_profit": 2375.1229186,
      "direct_profit_prev": 2272.5536101,
      "direct_profit_rate": 20.562399875818194,
      "yoy": 94.54578076330607,
      "prev_yoy": 80.97125564470437
    },
    "M12": {
      "net_sales": 482.2630000000001,
      "net_sales_prev": 1010.6489999999999,
      "gross_profit": 312.83077531699996,
      "gross_profit_prev": 631.46654499,
      "selling_expense": 2079.66198,
      "selling_expense_prev": 2566.39637,
      "direct_profit": -1766.831204683,
      "direct_profit_prev": -1934.92982501,
      "direct_profit_rate": -366.3625873606309,
      "yoy": 47.71814942675451,
      "prev_yoy": 64.85676340910817
    },
    "M13": {
      "net_sales": 4220.255,
      "net_sales_prev": 4550.779,
      "gross_profit": 2401.6679073000005,
      "gross_profit_prev": 2823.1831817,
      "selling_expense": 3072.4113900000007,
      "selling_expense_prev": 3706.3830799999996,
      "direct_profit": -670.7434827000002,
      "direct_profit_prev": -883.1998982999994,
      "direct_profit_rate": -15.893434939357935,
      "yoy": 92.73697975665264,
      "prev_yoy": 71.06269022119123
    },
    "M14": {
      "net_sales": 12467.4025,
      "net_sales_prev": 13793.226500000002,
      "gross_profit": 8053.0802133,
      "gross_profit_prev": 8664.0855111,
      "selling_expense": 7870.404619999999,
      "selling_expense_prev": 8058.77104,
      "direct_profit": 182.6755933000004,
      "direct_profit_prev": 605.3144711000004,
      "direct_profit_rate": 1.4652257621425184,
      "yoy": 90.38786175228833,
      "prev_yoy": 87.09784919267373
    },
    "M15": {
      "net_sales": 5221.83,
      "net_sales_prev": 4833.894,
      "gross_profit": 2192.7074174,
      "gross_profit_prev": 2398.7677676000003,
      "selling_expense": 2847.667569999999,
      "selling_expense_prev": 2885.20372,
      "direct_profit": -654.9601525999992,
      "direct_profit_prev": -486.4359523999997,
      "direct_profit_rate": -12.542732195418067,
      "yoy": 108.02533113055436,
      "prev_yoy": 75.55009851892616
    },
    "M16": {
      "net_sales": 5193.5685,
      "net_sales_prev": 5623.531,
      "gross_profit": 3379.3389746999997,
      "gross_profit_prev": 3569.1634192,
      "selling_expense": 4724.40215,
      "selling_expense_prev": 4638.98592,
      "direct_profit": -1345.0631753000002,
      "direct_profit_prev": -1069.8225008,
      "direct_profit_rate": -25.89863164989545,
      "yoy": 92.3542254857313,
      "prev_yoy": 80.3742586750024
    },
    "M17": {
      "net_sales": 6850.5475,
      "net_sales_prev": 6522.715,
      "gross_profit": 4378.9110793,
      "gross_profit_prev": 4071.7468645,
      "selling_expense": 3788.11676,
      "selling_expense_prev": 3680.4334199999994,
      "direct_profit": 590.7943193000001,
      "direct_profit_prev": 391.3134445000005,
      "direct_profit_rate": 8.624045294189992,
      "yoy": 105.02601294093026,
      "prev_yoy": 125.69366428057755
    },
    "M18": {
      "net_sales": 18016.416999999998,
      "net_sales_prev": 17135.5275,
      "gross_profit": 11742.543467699998,
      "gross_profit_prev": 10817.915312699999,
      "selling_expense": 8546.894620000001,
      "selling_expense_prev": 7538.15865,
      "direct_profit": 3195.6488476999966,
      "direct_profit_prev": 3279.7566626999987,
      "direct_profit_rate": 17.73742719043413,
      "yoy": 105.14072006245503,
      "prev_yoy": 116.44809973438257
    },
    "M19": {
      "net_sales": 1500.5670000000002,
      "net_sales_prev": 1435.7714999999998,
      "gross_profit": 944.18198653,
      "gross_profit_prev": 900.41718986,
      "selling_expense": 2533.39131,
      "selling_expense_prev": 2491.64184,
      "direct_profit": -1589.20932347,
      "direct_profit_prev": -1591.2246501399998,
      "direct_profit_rate": -105.90725528883414,
      "yoy": 104.5129395589758,
      "prev_yoy": 240.4488031330307
    },