{
  "metadata": {
    "last_period": "2511",
    "previous_period": "2411",
    "generated_at": "2025-12-17T17:40:22.284501"
  },
  "current_month": {
    "hk": {
      "tag_sales": 20646.11957,
      "net_sales": 16311.43165,
      "discount_rate": 20.995170086579126,
      "cogs_rate": 30.653326299611273,
      "gross_profit": 9814.1441895,
      "gross_profit_rate": 60.167276546200654,
      "direct_cost": 8979.365939999994,
      "direct_profit": 834.7782495000065,
      "direct_profit_rate": 5.117749731673654,
      "sg_a": 974.2062736688308,
      "operating_profit": -139.42802416882432,
      "operating_profit_rate": -0.8547871649808515
    },
    "mc": {
      "tag_sales": 6691.2378639,
      "net_sales": 5655.67718,
      "discount_rate": 15.476369320047183,
      "cogs_rate": 31.14473408938649,
      "gross_profit": 3516.2025982,
      "gross_profit_rate": 62.171204018401916,
      "direct_cost": 2680.994710000001,
      "direct_profit": 835.2078881999992,
      "direct_profit_rate": 14.767601855946086,
      "sg_a": 337.7874063311691,
      "operating_profit": 497.42048186883005,
      "operating_profit_rate": 8.795064959291578
    },
    "total": {
      "tag_sales": 27337.357433899997,
      "discount": 5370.248603899996,
      "discount_rate": 19.644358884668783,
      "net_sales": 21967.10883,
      "cogs": 8412.690639999999,
      "cogs_rate": 30.773605899331542,
      "gross_profit": 13330.3467877,
      "gross_profit_rate": 60.68321002486699,
      "direct_cost": 11660.360649999995,
      "direct_profit": 1669.9861377000052,
      "direct_profit_rate": 7.60221179138213,
      "sg_a": 1311.99368,
      "operating_profit": 357.99245770000516,
      "operating_profit_rate": 1.6296748947276243,
      "expense_detail": {
        "salary": 593.43631,
        "marketing": 408.44615,
        "fee": 23.18829,
        "rent": 83.705,
        "insurance": 17.4444,
        "travel": 13.52205,
        "other": 172.25148000000002,
        "other_detail": {
          "depreciation": 58.95232,
          "duty_free": 0.0,
          "govt_license": 0.0,
          "logistics": 96.06666,
          "maintenance": 3.95215,
          "rent_free": 0.0,
          "retirement": 0.0,
          "supplies": 8.06168,
          "transport": 0.0,
          "uniform": 0.0,
          "utilities": 1.037,
          "var_rent": 0.0,
          "communication": 4.18167,
          "bonus": 0.0
        }
      }
    },
    "yoy": {
      "tag_sales": 109.52565468315436,
      "discount": 115.32909219647458,
      "net_sales": 108.19466776773983,
      "cogs": 107.02835848688512,
      "gross_profit": 108.70793379763322,
      "direct_cost": 98.0480910591378,
      "direct_profit": 451.29608443247815,
      "sg_a": 110.00476711979235,
      "operating_profit": -43.518167575597666
    },
    "change": {
      "tag_sales": 2377.5820160000003,
      "discount": 713.7924559999992,
      "net_sales": 1663.789560000001,
      "cogs": 552.4461599999995,
      "gross_profit": 1067.8132981800027,
      "direct_cost": -232.13060000000405,
      "direct_profit": 1299.9438981800067,
      "sg_a": 119.32384000000002,
      "operating_profit": 1180.6200581800067
    }
  },
  "cumulative": {
    "hk": {
      "tag_sales": 212202.33502,
      "net_sales": 164244.38388,
      "discount_rate": 22.600105288888535,
      "cogs_rate": 30.797636658352733,
      "gross_profit": 96441.81616467501,
      "gross_profit_rate": 58.7184863715871,
      "direct_cost": 99087.41678999997,
      "direct_profit": -2645.600625324965,
      "direct_profit_rate": -1.6107708299224952,
      "sg_a": 10862.238928524774,
      "operating_profit": -13507.839553849739,
      "operating_profit_rate": -8.224232229285121
    },
    "mc": {
      "tag_sales": 72740.9943582,
      "net_sales": 60492.34939,
      "discount_rate": 16.838709831053087,
      "cogs_rate": 31.483538013277585,
      "gross_profit": 36720.931860200006,
      "gross_profit_rate": 60.703431476031156,
      "direct_cost": 28252.599459999998,
      "direct_profit": 8468.332400200008,
      "direct_profit_rate": 13.999013901086654,
      "sg_a": 4000.6381764752236,
      "operating_profit": 4467.694223724784,
      "operating_profit_rate": 7.385552501724027
    },
    "total": {
      "tag_sales": 284943.3293782,
      "net_sales": 224736.73327000003,
      "discount_rate": 21.129322886618226,
      "cogs_rate": 30.9727351479287,
      "gross_profit": 133162.748024875,
      "gross_profit_rate": 59.252773717633644,
      "direct_cost": 127340.01624999997,
      "direct_profit": 5822.731774875036,
      "direct_profit_rate": 2.590912348930324,
      "sg_a": 14862.877104999998,
      "operating_profit": -9040.145330124962,
      "operating_profit_rate": -4.0225490504323025,
      "expense_detail": {
        "salary": 5991.373209999999,
        "marketing": 3545.6168,
        "fee": 1986.72645,
        "rent": 1099.1136999999999,
        "insurance": 196.01454,
        "travel": 293.42045,
        "other": 1750.6119549999999,
        "other_detail": {
          "depreciation": 484.47265999999996,
          "duty_free": 0.0,
          "govt_license": 0.0,
          "logistics": 1110.78318,
          "maintenance": 60.07715,
          "rent_free": 0.0,
          "retirement": 0.0,
          "supplies": 45.01588,
          "transport": 0.0,
          "uniform": 0.0,
          "utilities": 9.975034999999998,
          "var_rent": 0.0,
          "communication": 40.28805,
          "bonus": 0.0
        }
      }
    },
    "offline": {
      "tag_sales": 203826.15399999998,
      "net_sales": 158296.47673000002,
      "discount_rate": 22.337504965138066,
      "cogs": 62712.38317,
      "cogs_rate": 30.767584011814307,
      "gross_profit": 93231.924411715,
      "gross_profit_rate": 58.89703064632131,
      "direct_cost": 97443.55224999998,
      "direct_profit": 0,
      "direct_profit_rate": 0.0,
      "sg_a": 10468.876385089594,
      "operating_profit": -10468.876385089594,
      "operating_profit_rate": -6.613461399362626,
      "average_area": 624.8181818181819
    },
    "prev_cumulative": {
      "hk": {
        "tag_sales": 223945.11400000003,
        "net_sales": 182298.22454,
        "discount_rate": 18.596918109139914,
        "cogs_rate": 31.4330299700131,
        "gross_profit": 109282.8251667,
        "gross_profit_rate": 59.94727893947266,
        "direct_cost": 105935.74398999999,
        "direct_profit": 3347.0811767000123,
        "direct_profit_rate": 1.8360470515529315,
        "sg_a": 10077.347180166698,
        "operating_profit": -6730.266003466686,
        "operating_profit_rate": -3.6918988215323663
      },
      "mc": {
        "tag_sales": 87619.15272,
        "net_sales": 73758.44072,
        "discount_rate": 15.819271894004682,
        "cogs_rate": 32.578253353258404,
        "gross_profit": 44150.767449800005,
        "gross_profit_rate": 59.85859654680618,
        "direct_cost": 28329.78791,
        "direct_profit": 15820.979539800006,
        "direct_profit_rate": 21.449720717197945,
        "sg_a": 4077.3266798333057,
        "operating_profit": 11743.6528599667,
        "operating_profit_rate": 15.92177484411265
      },
      "total": {
        "tag_sales": 311564.26672,
        "net_sales": 256056.66525999998,
        "gross_profit": 153433.5926165,
        "direct_cost": 134265.5319,
        "direct_profit": 19168.06071650001,
        "sg_a": 14154.673860000003,
        "operating_profit": 5013.386856500008,
        "expense_detail": {
          "salary": 5330.85269,
          "marketing": 4270.554730000001,
          "fee": 1061.89665,
          "rent": 1315.4005000000002,
          "insurance": 217.53439000000003,
          "travel": 153.95449,
          "other": 1804.48041,
          "other_detail": {
            "depreciation": 409.92892000000006,
            "duty_free": 0.0,
            "govt_license": 0.0,
            "logistics": 1225.03566,
            "maintenance": 92.76214999999999,