{
  "metadata": {
    "brand": "Discovery",
    "last_period": "2512",
    "previous_period": "2412",
    "generated_at": "2026-01-14T15:35:45.077636",
    "store_count": {
      "online": 1,
      "offline": 1,
      "total": 2
    }
  },
  "current_month": {
    "data": {
      "tag_sales": 4246.63194,
      "net_sales": 3335.0851069,
      "discount": 911.5468331000002,
      "discount_rate": 21.465171599024902,
      "cogs": 1443.7736729899998,
      "cogs_rate": 33.99808821176058,
      "gross_profit": 1891.31143399,
      "gross_profit_rate": 56.70954033757765,
      "sg_a": 2417.24826301,
      "operating_profit": -525.9368290159999,
      "operating_profit_rate": -15.769817325737282,
      "expense_detail": {
        "salary": 285.88037314,
        "travel": 5.373134328,
        "uniform": 0.0,
        "rent": 603.9414925200001,
        "maintenance": 92.95585219,
        "utilities": 7.503940298,
        "supplies": 11.236776617,
        "communication": 1.876349303,
        "marketing": 605.653699718,
        "fee": 80.360717603,
        "logistics": 124.830324481,
        "other_fee": 320.955887694,
        "insurance": 17.753876169999998,
        "depreciation": 258.92583891000004,
        "duty_free": 0.0
      },
      "direct_cost": 2417.2482629720007,
      "direct_profit": -525.9368289820006,
      "direct_profit_rate": -15.769817324717838
    },
    "store_count": {
      "online": 1,
      "offline": 1,
      "total": 2
    },
    "yoy": {
      "tag_sales": 431.84788768519616,
      "discount": 680.1214253340394,
      "net_sales": 392.6697746429148,
      "cogs": 425.5652922151602,
      "gross_profit": 370.7903920164455,
      "direct_cost": 538.3782680884718,
      "direct_profit": -860.9401468694793,
      "sg_a": 538.3782681353063,
      "operating_profit": -860.9401474606791
    },
    "change": {
      "tag_sales": 3263.2690335,
      "discount": 777.5197610000002,
      "net_sales": 2485.7492725,
      "cogs": 1104.5134702899998,
      "gross_profit": 1381.2358023900001,
      "direct_cost": 1968.2612948400006,
      "direct_profit": -587.0254924500006,
      "sg_a": 1968.2612949099998,
      "operating_profit": -587.0254924459999
    }
  },
  "prev_month": {
    "data": {
      "tag_sales": 983.3629065,
      "net_sales": 849.3358344000001,
      "discount": 134.02707209999994,
      "discount_rate": 13.629461841003451,
      "cogs": 339.26020270000004,
      "cogs_rate": 34.499999995678095,
      "gross_profit": 510.07563159999995,
      "gross_profit_rate": 60.05582373200289,
      "sg_a": 448.9869681,
      "operating_profit": 61.08866343,
      "operating_profit_rate": 7.192521609918311,
      "expense_detail": {
        "salary": 40.83130755,
        "travel": 1.822699419,
        "uniform": 0.0,
        "rent": 106.2264487,
        "maintenance": 55.15228056,
        "utilities": 0.675582356,
        "supplies": 26.00565985,
        "communication": 0.0,
        "marketing": 15.309254833,
        "fee": 57.22944775,
        "logistics": 95.50447854999999,
        "other_fee": 34.74136107,
        "insurance": 3.048642314,
        "depreciation": 12.43980518,
        "duty_free": 0.0
      },
      "direct_cost": 448.986968132,
      "direct_profit": 61.088663467999936,
      "direct_profit_rate": 7.192521614392387
    }
  },
  "cumulative": {
    "data": {
      "Tag매출액": 17628.97202457,
      "실매출액": 14223.285078390001,
      "매출원가합계": 6028.758902432999,
      "매출총이익": 8194.526176217001,
      "판매관리비": 12890.387276984999,
      "영업이익": -4695.861101067,
      "1. 급 여": 1404.64920961,
      "2. TRAVEL & MEAL": 189.422352846,
      "3. 피복비(유니폼)": 24.930301691000004,
      "4. 임차료": 2728.3872367599997,
      "5. 유지보수비": 1212.793526183,
      "6. 수도광열비": 48.098746694999996,
      "7. 소모품비": 193.48789843599997,
      "8. 통신비": 11.398240956,
      "9. 광고선전비": 2775.467124551,
      "10. 지급수수료": 651.305795277,
      "11. 운반비": 1070.8168660269998,
      "12. 기타 수수료(매장관리비 외)": 1118.261457648,
      "13. 보험료": 117.545665999,
      "14. 감가상각비": 1343.82285426,
      "15. 면세점 직접비": 0.0,
      "tag_sales": 17628.97202457,
      "net_sales": 14223.285078390001,
      "discount": 3405.6869461799997,
      "discount_rate": 19.318692782729457,
      "cogs": 6028.758902432999,
      "cogs_rate": 34.198017298062226,
      "gross_profit": 8194.526176217001,
      "gross_profit_rate": 57.6134566034064,
      "sg_a": 12890.387276984999,
      "operating_profit": -4695.861101067,
      "operating_profit_rate": -33.01530606457159,
      "expense_detail": {
        "salary": 1404.64920961,
        "travel": 189.422352846,
        "uniform": 24.930301691000004,
        "rent": 2728.3872367599997,
        "maintenance": 1212.793526183,
        "utilities": 48.098746694999996,
        "supplies": 193.48789843599997,
        "communication": 11.398240956,
        "marketing": 2775.467124551,
        "fee": 651.305795277,
        "logistics": 1070.8168660269998,
        "other_fee": 1118.261457648,
        "insurance": 117.545665999,
        "depreciation": 1343.82285426,
        "duty_free": 0.0
      },
      "direct_cost": 12890.387276938998,
      "direct_profit": -4695.861100721997,
      "direct_profit_rate": -33.01530606214597
    },
    "prev_cumulative": {
      "data": {
        "Tag매출액": 1163.4654819999998,
        "실매출액": 1001.0962962000001,
        "매출원가합계": 401.39559124000004,
        "매출총이익": 599.7007049,
        "판매관리비": 536.29070123,
        "영업이익": 63.41000359899999,
        "1. 급 여": 40.83130755,
        "2. TRAVEL & MEAL": 1.822699419,
        "3. 피복비(유니폼)": 0.0,
        "4. 임차료": 106.2264487,
        "5. 유지보수비": 60.691670426,
        "6. 수도광열비": 0.675582356,
        "7. 소모품비": 26.00565985,
        "8. 통신비": 0.0,
        "9. 광고선전비": 42.18617436299999,
        "10. 지급수수료": 78.47602255999999,
        "11. 운반비": 129.14532748,
        "12. 기타 수수료(매장관리비 외)": 34.74136107,
        "13. 보험료": 3.048642314,
        "14. 감가상각비": 12.43980518,
        "15. 면세점 직접비": 0.0,
        "tag_sales": 1163.4654819999998,
        "net_sales": 1001.0962962000001,
        "discount": 162.36918579999974,
        "discount_rate": 13.95565131170774,
        "cogs": 401.39559124000004,
        "cogs_rate": 34.4999999957025,
        "gross_profit": 599.7007049,
        "gross_profit_rate": 59.90439752662826,
        "sg_a": 536.29070123,
        "operating_profit": 63.41000359899999,
        "operating_profit_rate": 6.334056357984156,
        "expense_detail": {
          "salary": 40.83130755,
          "travel": 1.822699419,
          "uniform": 0.0,
          "rent": 106.2264487,
          "maintenance": 60.691670426,
          "utilities": 0.675582356,
          "supplies": 26.00565985,
          "communication": 0.0,
          "marketing": 42.18617436299999,
          "fee": 78.47602255999999,
          "logistics": 129.14532748,
          "other_fee": 34.74136107,
          "insurance": 3.048642314,
          "depreciation": 12.43980518,
          "duty_free": 0.0
        },
        "direct_cost": 536.290701268,
        "direct_profit": 63.410003631999984,
        "direct_profit_rate": 6.334056361280541
      }
    },
    "yoy": {
      "tag_sales": 1515.2122944176872,
      "net_sales": 1420.7709220760576,
      "cogs": 1501.949456846007,
      "gross_profit": 1366.43597535598,
      "direct_cost": 2403.6193889733877,
      "direct_profit": -7405.552486598852,
      "sg_a": 2403.619389152279,
      "operating_profit": -7405.552490996951
    }
  }
}