{
  "metadata": {
    "brand": "Discovery",
    "last_period": "2512",
    "previous_period": "2511",
    "previous_year_period": "2412",
    "generated_at": "2026-01-14T21:19:15.560633",
    "store_count": {
      "online": 1,
      "offline": 1,
      "total": 2
    }
  },
  "current_month": {
    "data": {
      "tag_sales": 694.52,
      "net_sales": 604.66831,
      "discount": 89.85168999999996,
      "discount_rate": 12.937235788746179,
      "cogs": 218.29505355,
      "cogs_rate": 31.431068011000406,
      "gross_profit": 386.37325645000004,
      "gross_profit_rate": 63.8983803285474,
      "operating_profit": -657.253613546,
      "operating_profit_rate": -108.69655357761347,
      "direct_cost": 721.84687,
      "sg_a": 321.78,
      "expense_detail": {
        "salary": 0.0,
        "travel": 0.0,
        "uniform": 0.0,
        "rent": 0.0,
        "maintenance": 0.0,
        "utilities": 0.0,
        "supplies": 0.0,
        "communication": 0.0,
        "marketing": 321.78,
        "fee": 0.0,
        "logistics": 0.0,
        "other_fee": 0.0,
        "insurance": 0.0,
        "depreciation": 0.0,
        "duty_free": 0.0
      },
      "direct_profit": -335.4736135499999,
      "direct_profit_rate": -55.480601182820365
    },
    "store_count": {
      "online": 1,
      "offline": 1,
      "total": 2
    },
    "yoy": {
      "tag_sales": 0,
      "discount": 0,
      "net_sales": 0,
      "cogs": 0,
      "gross_profit": 0,
      "direct_cost": 0,
      "direct_profit": 0,
      "sg_a": 0,
      "operating_profit": 0
    },
    "mom": {
      "tag_sales": 104.61450401801517,
      "discount": 111.65903439431236,
      "net_sales": 103.64286126880799,
      "cogs": 104.91778337681185,
      "gross_profit": 102.93615438518349,
      "direct_cost": 144.09040057544587,
      "direct_profit": 0,
      "sg_a": 168.67197682686694,
      "operating_profit": 0
    },
    "change": {
      "tag_sales": 694.52,
      "discount": 89.85168999999996,
      "net_sales": 604.66831,
      "cogs": 218.29505355,
      "gross_profit": 386.37325645000004,
      "direct_cost": 721.84687,
      "direct_profit": -335.4736135499999,
      "sg_a": 321.78,
      "operating_profit": -657.253613546
    }
  },
  "prev_month": {
    "data": {
      "tag_sales": 663.885,
      "net_sales": 583.4153,
      "discount": 80.46969999999999,
      "discount_rate": 12.121029997665257,
      "cogs": 208.06296752,
      "cogs_rate": 31.34021216325117,
      "gross_profit": 375.35233248000003,
      "gross_profit_rate": 64.33707386145,
      "operating_profit": -316.38836752000003,
      "operating_profit_rate": -54.230385716658446,
      "direct_cost": 500.96805000000006,
      "sg_a": 190.77265,
      "expense_detail": {
        "salary": 0.0,
        "travel": 0.0,
        "uniform": 0.0,
        "rent": 0.0,
        "maintenance": 0.0,
        "utilities": 0.0,
        "supplies": 0.0,
        "communication": 0.0,
        "marketing": 190.77265,
        "fee": 0.0,
        "logistics": 0.0,
        "other_fee": 0.0,
        "insurance": 0.0,
        "depreciation": 0.0,
        "duty_free": 0.0
      },
      "direct_profit": -125.61571752000003,
      "direct_profit_rate": -21.531097576631954
    }
  },
  "prev_year_month": {
    "data": {
      "tag_sales": 0.0,
      "net_sales": 0.0,
      "discount": 0.0,
      "discount_rate": 0,
      "cogs": 0.0,
      "cogs_rate": 0,
      "gross_profit": 0.0,
      "gross_profit_rate": 0,
      "operating_profit": 0.0,
      "operating_profit_rate": 0,
      "direct_cost": 0.0,
      "sg_a": 0.0,
      "expense_detail": {
        "salary": 0.0,
        "travel": 0.0,
        "uniform": 0.0,
        "rent": 0.0,
        "maintenance": 0.0,
        "utilities": 0.0,
        "supplies": 0.0,
        "communication": 0.0,
        "marketing": 0.0,
        "fee": 0.0,
        "logistics": 0.0,
        "other_fee": 0.0,
        "insurance": 0.0,
        "depreciation": 0.0,
        "duty_free": 0.0
      },
      "direct_profit": 0.0,
      "direct_profit_rate": 0
    }
  },
  "cumulative": {
    "data": {
      "tag_sales": 1810.6949999999997,
      "net_sales": 1596.3417000000002,
      "discount": 214.35329999999954,
      "discount_rate": 11.838178158110537,
      "cogs": 571.453328793,
      "cogs_rate": 31.55988881578621,
      "gross_profit": 1024.8883712069999,
      "gross_profit_rate": 64.20231778741355,
      "operating_profit": -2361.540019086,
      "operating_profit_rate": -147.93449416788397,
      "direct_cost": 2608.1357399999997,
      "sg_a": 778.29265,
      "expense_detail": {
        "salary": 0.0,
        "travel": 25.74,
        "uniform": 0.0,
        "rent": 0.0,
        "maintenance": 0.0,
        "utilities": 0.0,
        "supplies": 0.0,
        "communication": 0.0,
        "marketing": 752.55265,
        "fee": 0.0,
        "logistics": 0.0,
        "other_fee": 0.0,
        "insurance": 0.0,
        "depreciation": 0.0,
        "duty_free": 0.0
      },
      "direct_profit": -1583.2473687929999,
      "direct_profit_rate": -99.1797288007323
    },
    "prev_cumulative": {
      "data": {
        "tag_sales": 0.0,
        "net_sales": 0.0,
        "discount": 0.0,
        "discount_rate": 0,
        "cogs": 0.0,
        "cogs_rate": 0,
        "gross_profit": 0.0,
        "gross_profit_rate": 0,
        "operating_profit": 0.0,
        "operating_profit_rate": 0,
        "direct_cost": 0.0,
        "sg_a": 0.0,
        "expense_detail": {
          "salary": 0.0,
          "travel": 0.0,
          "uniform": 0.0,
          "rent": 0.0,
          "maintenance": 0.0,
          "utilities": 0.0,
          "supplies": 0.0,
          "communication": 0.0,
          "marketing": 0.0,
          "fee": 0.0,
          "logistics": 0.0,
          "other_fee": 0.0,
          "insurance": 0.0,
          "depreciation": 0.0,
          "duty_free": 0.0
        },
        "direct_profit": 0.0,
        "direct_profit_rate": 0
      }
    },
    "yoy": {
      "tag_sales": 0,
      "net_sales": 0,
      "cogs": 0,
      "gross_profit": 0,
      "direct_cost": 0,
      "direct_profit": 0,
      "sg_a": 0,
      "operating_profit": 0
    }
  }
}