{
  "metadata": {
    "period": "202511",
    "previous_period": "202411",
    "generated_at": "2025-12-10T19:28:26.208510"
  },
  "summary": {
    "total_stores": 19,
    "hk_stores": 15,
    "mc_stores": 4,
    "total_direct_profit": 1503.493716807359,
    "sales_per_store": 1056.3050452631578,
    "overall_yoy": 108.65990798990373
  },
  "categories": {
    "profit_improving": {
      "name": "흑자 & 매출개선",
      "count": 8,
      "total_direct_profit": 1244.3251805650075,
      "avg_yoy": 110.77453522621612,
      "avg_rent_labor_ratio": 35.54365078911209,
      "stores": [
        {
          "shop_cd": "M09",
          "shop_nm": "Shangshui",
          "country": "HK",
          "current": {
            "net_sales": 596.563,
            "direct_profit": 48.8076580149725,
            "rent_labor_ratio": 38.76790883779249,
            "rent": 150.2,
            "labor_cost": 81.075
          },
          "previous": {
            "net_sales": 595.4135,
            "direct_profit": 57.933353093012215
          },
          "yoy": 100.19305910934166,
          "category": "profit_improving"
        },
        {
          "shop_cd": "M18",
          "shop_nm": "LANGHAM ",
          "country": "HK",
          "current": {
            "net_sales": 1576.151,
            "direct_profit": 298.54313580128917,
            "rent_labor_ratio": 32.10472854440977,
            "rent": 376.86591,
            "labor_cost": 129.15309
          },
          "previous": {
            "net_sales": 1415.4605,
            "direct_profit": 258.71544065577893
          },
          "yoy": 111.35252449644481,
          "category": "profit_improving"
        },
        {
          "shop_cd": "M11",
          "shop_nm": "APM",
          "country": "HK",
          "current": {
            "net_sales": 1088.9525,
            "direct_profit": 287.7967007407972,
            "rent_labor_ratio": 27.909820676292124,
            "rent": 172.15,
            "labor_cost": 131.77469
          },
          "previous": {
            "net_sales": 1015.5505,
            "direct_profit": 175.2988935570769
          },
          "yoy": 107.22780403337894,
          "category": "profit_improving"
        },
        {
          "shop_cd": "M17",
          "shop_nm": "TMT",
          "country": "HK",
          "current": {
            "net_sales": 767.3695,
            "direct_profit": 148.58290823059036,
            "rent_labor_ratio": 27.431143666773313,
            "rent": 129.82542,
            "labor_cost": 80.67281
          },
          "previous": {
            "net_sales": 588.0245,
            "direct_profit": 43.116231693116276
          },
          "yoy": 130.49957952432254,
          "category": "profit_improving"
        },
        {
          "shop_cd": "M10",
          "shop_nm": "ISQ",
          "country": "HK",
          "current": {
            "net_sales": 1919.5475,
            "direct_profit": 102.03671321836828,
            "rent_labor_ratio": 43.00864188044318,
            "rent": 648.501,
            "labor_cost": 177.07030999999998
          },
          "previous": {
            "net_sales": 1625.7615,
            "direct_profit": 239.8084048182518
          },
          "yoy": 118.07067026744082,
          "category": "profit_improving"
        },
        {
          "shop_cd": "M01",
          "shop_nm": "Mongkok",
          "country": "HK",
          "current": {
            "net_sales": 1629.921,
            "direct_profit": 71.88008919931474,
            "rent_labor_ratio": 43.921814615554986,
            "rent": 529.65,
            "labor_cost": 186.24087999999998
          },
          "previous": {
            "net_sales": 1574.162,
            "direct_profit": -76.47677855979941
          },
          "yoy": 103.54213861089265,
          "category": "profit_improving"
        },
        {
          "shop_cd": "M14",
          "shop_nm": "NTP",
          "country": "HK",
          "current": {
            "net_sales": 1193.279,
            "direct_profit": 92.03322415641742,
            "rent_labor_ratio": 45.870335437060405,
            "rent": 401.57,
            "labor_cost": 145.79108
          },
          "previous": {
            "net_sales": 1153.6255,
            "direct_profit": 21.343307075117195
          },
          "yoy": 103.43729399185438,
          "category": "profit_improving"
        },
        {
          "shop_cd": "M07",
          "shop_nm": "Citygate",
          "country": "HK",
          "current": {
            "net_sales": 1851.2995,
            "direct_profit": 194.64475120325778,
            "rent_labor_ratio": 25.33481265457048,
            "rent": 306.19493,
            "labor_cost": 162.82833000000002
          },
          "previous": {
            "net_sales": 1654.8193,
            "direct_profit": 164.91980953482562
          },
          "yoy": 111.87321177605314,
          "category": "profit_improving"
        }
      ]
    },
    "profit_deteriorating": {
      "name": "흑자 & 매출악화",
      "count": 0,
      "total_direct_profit": 0,
      "avg_yoy": 0,
      "avg_rent_labor_ratio": 0,
      "stores": []
    },
    "loss_improving": {
      "name": "적자 & 매출개선",
      "count": 7,
      "total_direct_profit": -576.0393514642956,
      "avg_yoy": 128.1274730415257,
      "avg_rent_labor_ratio": 54.76169874844512,
      "stores": [
        {
          "shop_cd": "M19",
          "shop_nm": "NTP 3",
          "country": "HK",
          "current": {
            "net_sales": 214.214,
            "direct_profit": -122.07507270708584,
            "rent_labor_ratio": 85.33662599083159,
            "rent": 131.08,
            "labor_cost": 51.723
          },
          "previous": {
            "net_sales": 129.416,
            "direct_profit": -145.42567173958295
          },
          "yoy": 165.52358286456078,
          "category": "loss_improving"
        },
        {
          "shop_cd": "M02",
          "shop_nm": "TSQ",
          "country": "HK",
          "current": {
            "net_sales": 554.786,
            "direct_profit": -128.0866896690227,
            "rent_labor_ratio": 71.1382406910052,
            "rent": 288.3,
            "labor_cost": 106.365
          },
          "previous": {
            "net_sales": 503.588,
            "direct_profit": -154.056487858855
          },
          "yoy": 110.16664416149709,
          "category": "loss_improving"
        },
        {
          "shop_cd": "M13",
          "shop_nm": "Megamall",
          "country": "HK",
          "current": {
            "net_sales": 453.932,
            "direct_profit": -5.837253967725985,
            "rent_labor_ratio": 40.78832292061366,
            "rent": 118.45,
            "labor_cost": 66.70125
          },
          "previous": {
            "net_sales": 405.63,
            "direct_profit": -69.84197413954394
          },
          "yoy": 111.90789635875058,
          "category": "loss_improving"
        },
        {
          "shop_cd": "M22",
          "shop_nm": "Yoho",
          "country": "HK",
          "current": {
            "net_sales": 585.18368,
            "direct_profit": -212.1326969336792,
            "rent_labor_ratio": 68.5331826068697,
            "rent": 314.735,
            "labor_cost": 86.31
          },
          "previous": {
            "net_sales": 471.7765,
            "direct_profit": -284.4394897683983
          },
          "yoy": 124.03832747074091,
          "category": "loss_improving"
        },
        {
          "shop_cd": "M21",
          "shop_nm": "Moko",
          "country": "HK",
          "current": {
            "net_sales": 872.3425,
            "direct_profit": -19.340939864119093,
            "rent_labor_ratio": 31.392496639794583,
            "rent": 163.62165,
            "labor_cost": 110.22844
          },
          "previous": {
            "net_sales": 688.0765,
            "direct_profit": -124.2893185548557
          },
          "yoy": 126.77987113351494,