{
  "metadata": {
    "last_period": "2512",
    "previous_period": "2412",
    "generated_at": "2026-01-14T11:01:52.091133"
  },
  "current_month": {
    "hk": {
      "tag_sales": 24894.624240000005,
      "net_sales": 19856.074149999997,
      "discount_rate": 20.239510512089605,
      "cogs_rate": 38.402659419963946,
      "gross_profit": 11962.915495456362,
      "gross_profit_rate": 60.24814072048761,
      "direct_cost": 10101.348619999993,
      "direct_profit": 1861.5668754563685,
      "direct_profit_rate": 9.375301791247434,
      "sg_a": 2061.831328705871,
      "operating_profit": -200.26445324950237,
      "operating_profit_rate": -1.0085803051329882,
      "expense_detail": {
        "salary": 966.57826,
        "marketing": 420.09331,
        "fee": 121.05775258861397,
        "rent": 82.66,
        "insurance": 20.15515,
        "travel": 36.47846,
        "other": 1150.2249000000002,
        "other_detail": {
          "depreciation": 49.27054,
          "duty_free": 0.0,
          "govt_license": 0.0,
          "logistics": 90.7898,
          "maintenance": 6.2321,
          "rent_free": 0.0,
          "retirement": 0.0,
          "supplies": 6.45786,
          "transport": 0.0,
          "uniform": 0.0,
          "utilities": 1.124,
          "var_rent": 0.0,
          "communication": 4.27713,
          "bonus": 0.0,
          "other_fee": 852.77986
        }
      }
    },
    "mc": {
      "tag_sales": 6688.222330097086,
      "net_sales": 5740.84806,
      "discount_rate": 14.164814256157271,
      "cogs_rate": 36.16409889795968,
      "gross_profit": 3591.781598132067,
      "gross_profit_rate": 62.56534854420214,
      "direct_cost": 2778.3553399999996,
      "direct_profit": 813.4262581320672,
      "direct_profit_rate": 14.16909574387982,
      "sg_a": 596.1228938827429,
      "operating_profit": 217.30336424932432,
      "operating_profit_rate": 3.785213647499396,
      "expense_detail": {
        "salary": 0.0,
        "marketing": 0.0,
        "fee": 0.0,
        "rent": 0.0,
        "insurance": 0.0,
        "travel": 0.0,
        "other": 0.0,
        "other_detail": {
          "depreciation": 0.0,
          "duty_free": 0.0,
          "govt_license": 0.0,
          "logistics": 0.0,
          "maintenance": 0.0,
          "rent_free": 0.0,
          "retirement": 0.0,
          "supplies": 0.0,
          "transport": 0.0,
          "uniform": 0.0,
          "utilities": 0.0,
          "var_rent": 0.0,
          "communication": 0.0,
          "bonus": 0.0,
          "other_fee": 0.0
        }
      }
    },
    "total": {
      "tag_sales": 31582.846570097092,
      "net_sales": 25596.922209999997,
      "cogs": 9701.386500000002,
      "gross_profit": 15554.697093588427,
      "sg_a": 2657.954222588614,
      "operating_profit": 17.0389109998182,
      "direct_cost": 12879.703959999995,
      "expense_detail": {
        "salary": 966.57826,
        "marketing": 420.09331,
        "fee": 121.05775258861397,
        "rent": 82.66,
        "insurance": 20.15515,
        "travel": 36.47846,
        "other": 1150.2249000000002,
        "other_detail": {
          "depreciation": 49.27054,
          "duty_free": 0.0,
          "govt_license": 0.0,
          "logistics": 90.7898,
          "maintenance": 6.2321,
          "rent_free": 0.0,
          "retirement": 0.0,
          "supplies": 6.45786,
          "transport": 0.0,
          "uniform": 0.0,
          "utilities": 1.124,
          "var_rent": 0.0,
          "communication": 4.27713,
          "bonus": 0.0,
          "other_fee": 852.77986
        }
      },
      "discount": 5985.924360097095,
      "discount_rate": 18.953086913212626,
      "cogs_rate": 37.90059765939338,
      "gross_profit_rate": 60.76784140677525,
      "operating_profit_rate": 0.06656624909834502,
      "direct_profit": 2674.993133588432,
      "direct_profit_rate": 10.450448345478769
    },
    "yoy": {
      "tag_sales": 85.02913710913495,
      "discount": 85.9406912052812,
      "net_sales": 84.8187500858334,
      "cogs": 82.80844507602272,
      "gross_profit": 85.48483124064904,
      "direct_cost": 94.5953508567086,
      "direct_profit": 58.40241662502936,
      "sg_a": 113.89198499454598,
      "operating_profit": 0.7584552668820859,
      "salary": 126.87910060988136,
      "marketing": 114.64797639278427,
      "fee": 979.4649380368422,
      "rent": 68.3614336648055,
      "insurance": 132.91183899026,
      "travel": 68.66581470779182,
      "other": 96.40157926539617
    },
    "change": {
      "tag_sales": -5560.711090097073,
      "discount": -979.256250097078,
      "net_sales": -4581.454839999995,
      "cogs": -2014.068959999995,
      "gross_profit": -2641.159256411578,
      "direct_cost": -735.8742300000049,
      "direct_profit": -1905.2850264115732,
      "sg_a": 324.20420258861395,
      "operating_profit": -2229.489229000187,
      "salary": 204.76780000000008,
      "marketing": 53.673140000000046,
      "fee": 108.69817258861397,
      "rent": -38.25613000000001,
      "insurance": 4.990849999999998,
      "travel": -16.646170000000012,
      "other": -42.93490999999972
    }
  },
  "prev_month": {
    "hk": {
      "tag_sales": 28366.013,
      "net_sales": 23043.517829999993,
      "discount_rate": 18.763635093870985,
      "cogs_rate": 38.54640227038635,
      "gross_profit": 13958.586700676708,
      "gross_profit_rate": 60.574894873491246,
      "direct_cost": 10839.719000000005,
      "direct_profit": 3118.867700676703,
      "direct_profit_rate": 13.534685648630862,
      "sg_a": 1781.998087820725,
      "operating_profit": 1336.869612855978,
      "operating_profit_rate": 5.801499678645109
    },
    "mc": {
      "tag_sales": 8777.544660194173,
      "net_sales": 7134.859219999999,
      "discount_rate": 18.714634943911925,
      "cogs_rate": 39.70657713972386,
      "gross_profit": 4237.269649323294,
      "gross_profit_rate": 59.38827268582455,
      "direct_cost": 2775.8591899999997,
      "direct_profit": 1461.4104593232946,
      "direct_profit_rate": 20.482681076968674,
      "sg_a": 551.751932179275,
      "operating_profit": 909.6585271440197,
      "operating_profit_rate": 12.74949510698292
    },
    "total": {
      "tag_sales": 37143.557660194165,
      "net_sales": 30178.377049999992,
      "cogs": 11715.455459999997,
      "gross_profit": 18195.856350000005,
      "sg_a": 2333.75002,
      "operating_profit": 2246.5281400000054,
      "direct_cost": 13615.57819,
      "expense_detail": {
        "salary": 761.8104599999999,
        "marketing": 366.4201699999999,
        "fee": 12.359580000000001,
        "rent": 120.91613000000001,
        "insurance": 15.1643,
        "travel": 53.12463000000001,
        "other": 1193.1598099999999,
        "other_detail": {
          "depreciation": 38.88245,
          "duty_free": 0.0,
          "govt_license": 0.0,
          "logistics": 104.90644,
          "maintenance": 8.38837,
          "rent_free": 0.0,
          "retirement": 0.0,
          "supplies": 9.87024,
          "transport": 0.0,
          "uniform": 0.0,
          "utilities": 0.999,
          "var_rent": 0.0,
          "communication": 3.512,
          "bonus": 0.0,
          "other_fee": 837.39625
        }
      },
      "discount": 6965.180610194173,
      "discount_rate": 18.752055669827733,
      "cogs_rate": 38.820694169834425,
      "gross_profit_rate": 60.294350222521366,
      "operating_profit_rate": 7.444164861078923,
      "direct_profit": 4580.278160000005,
      "direct_profit_rate": 15.177350831064675
    }
  },
  "cumulative": {
    "hk": {
      "tag_sales": 237096.95926,
      "net_sales": 184100.45803,
      "discount_rate": 22.352248377797267,
      "cogs_rate": 39.64062090389141,
      "gross_profit": 108404.73165949092,
      "gross_profit_rate": 58.88346657009722,
      "direct_cost": 109188.76540999995,
      "direct_profit": -784.033750509022,
      "direct_profit_rate": -0.4258727864659957,