{
  "metadata": {
    "last_period": "2511",
    "previous_period": "2411",
    "generated_at": "2025-12-09T21:34:26.285139"
  },
  "current_month": {
    "hk": {
      "tag_sales": 20646.11957,
      "net_sales": 16311.43165,
      "discount_rate": 20.995170086579126,
      "cogs_rate": 30.653326299611273,
      "gross_profit": 9814.144189807908,
      "gross_profit_rate": 60.16727654808833,
      "direct_cost": 8979.365939999994,
      "direct_profit": 834.7782498079141,
      "direct_profit_rate": 5.117749733561334,
      "sg_a": 974.2062736688312,
      "operating_profit": -139.42802386091705,
      "operating_profit_rate": -0.8547871630931736
    },
    "mc": {
      "tag_sales": 6691.237864077669,
      "net_sales": 5655.67718,
      "discount_rate": 15.476369322291497,
      "cogs_rate": 31.144734088559524,
      "gross_profit": 3516.202597706647,
      "gross_profit_rate": 62.171204009678775,
      "direct_cost": 2680.9947100000004,
      "direct_profit": 835.2078877066465,
      "direct_profit_rate": 14.767601847222945,
      "sg_a": 337.7874063311692,
      "operating_profit": 497.42048137547727,
      "operating_profit_rate": 8.795064950568436
    },
    "total": {
      "tag_sales": 27337.35743407767,
      "discount": 5370.248604077668,
      "discount_rate": 19.644358885191032,
      "net_sales": 21967.10883,
      "cogs": 8412.690639999999,
      "cogs_rate": 30.773605899131535,
      "gross_profit": 13330.346787514554,
      "gross_profit_rate": 60.683210024022785,
      "direct_cost": 11660.360649999995,
      "direct_profit": 1669.9861375145592,
      "direct_profit_rate": 7.602211790537932,
      "sg_a": 1311.9936800000005,
      "operating_profit": 357.99245751455874,
      "operating_profit_rate": 1.629674893883424,
      "expense_detail": {
        "salary": 0.0,
        "marketing": 408.4461500000001,
        "fee": 0.65544,
        "rent": 0.0,
        "insurance": 17.4444,
        "travel": 13.52205,
        "other": 194.78433,
        "other_detail": {
          "depreciation": 58.95232000000001,
          "duty_free": 0.0,
          "govt_license": 0.0,
          "logistics": 96.06666,
          "maintenance": 3.95215,
          "other_fee": 22.53285,
          "rent_free": 0.0,
          "retirement": 0.0,
          "supplies": 8.06168,
          "transport": 0.0,
          "uniform": 0.0,
          "utilities": 1.037,
          "var_rent": 0.0,
          "communication": 4.18167,
          "bonus": 0.0
        }
      }
    },
    "yoy": {
      "tag_sales": 109.5256546857279,
      "discount": 115.32909221079828,
      "net_sales": 108.19466776773983,
      "cogs": 107.02835848688512,
      "gross_profit": 108.70793379186567,
      "direct_cost": 98.0480910591378,
      "direct_profit": 451.29608379696447,
      "sg_a": 110.00476711979239,
      "operating_profit": -43.51816757844718
    },
    "change": {
      "tag_sales": 2377.5820166019403,
      "discount": 713.7924566019392,
      "net_sales": 1663.789560000001,
      "cogs": 552.4461599999995,
      "gross_profit": 1067.8132975145563,
      "direct_cost": -232.13060000000405,
      "direct_profit": 1299.9438975145604,
      "sg_a": 119.32384000000047,
      "operating_profit": 1180.62005751456
    }
  },
  "cumulative": {
    "hk": {
      "tag_sales": 212202.33502,
      "net_sales": 164244.38388,
      "discount_rate": 22.600105288888535,
      "cogs_rate": 30.797636658352733,
      "gross_profit": 96441.81616403456,
      "gross_profit_rate": 58.718486371197166,
      "direct_cost": 99087.41678999997,
      "direct_profit": -2645.6006259654096,
      "direct_profit_rate": -1.610770830312429,
      "sg_a": 10862.238928524774,
      "operating_profit": -13507.839554490183,
      "operating_profit_rate": -8.224232229675057
    },
    "mc": {
      "tag_sales": 72740.9943592233,
      "net_sales": 60492.34939,
      "discount_rate": 16.838709832222985,
      "cogs_rate": 31.483538012834682,
      "gross_profit": 36720.93186122148,
      "gross_profit_rate": 60.70343147771976,
      "direct_cost": 28252.599459999998,
      "direct_profit": 8468.33240122148,
      "direct_profit_rate": 13.999013902775252,
      "sg_a": 4000.638176475224,
      "operating_profit": 4467.694224746256,
      "operating_profit_rate": 7.385552503412623
    },
    "total": {
      "tag_sales": 284943.3293792233,
      "net_sales": 224736.73327000003,
      "discount_rate": 21.12932288690147,
      "cogs_rate": 30.97273514781747,
      "gross_profit": 133162.74802525603,
      "gross_profit_rate": 59.25277371780319,
      "direct_cost": 127340.01624999997,
      "direct_profit": 5822.731775256063,
      "direct_profit_rate": 2.590912349099868,
      "sg_a": 14862.877105,
      "operating_profit": -9040.145329743937,
      "operating_profit_rate": -4.02254905026276,
      "expense_detail": {
        "salary": 0.0,
        "marketing": 3545.6168000000002,
        "fee": 845.2338199999999,
        "rent": 0.0,
        "insurance": 196.01454,
        "travel": 293.42045,
        "other": 2892.104585,
        "other_detail": {
          "depreciation": 484.47265999999996,
          "duty_free": 0.0,
          "govt_license": 0.0,
          "logistics": 1110.78318,
          "maintenance": 60.07715,
          "other_fee": 1141.49263,
          "rent_free": 0.0,
          "retirement": 0.0,
          "supplies": 45.01588,
          "transport": 0.0,
          "uniform": 0.0,
          "utilities": 9.975034999999998,
          "var_rent": 0.0,
          "communication": 40.28805,
          "bonus": 0.0
        }
      }
    },
    "offline": {
      "tag_sales": 203826.15399999998,
      "net_sales": 158296.47673000002,
      "discount_rate": 22.337504965138066,
      "cogs": 62712.38317,
      "cogs_rate": 30.767584011814307,
      "gross_profit": 93231.92441121725,
      "gross_profit_rate": 58.89703064600687,
      "direct_cost": 97443.55224999998,
      "direct_profit": 0,
      "direct_profit_rate": 0.0,
      "sg_a": 10468.876385089596,
      "operating_profit": -10468.876385089596,
      "operating_profit_rate": -6.6134613993626274,
      "average_area": 624.8181818181819
    },
    "prev_cumulative": {
      "hk": {
        "tag_sales": 223945.11400000003,
        "net_sales": 182298.22454,
        "discount_rate": 18.596918109139914,
        "cogs_rate": 31.4330299700131,
        "gross_profit": 109282.82516745324,
        "gross_profit_rate": 59.94727893988585,
        "direct_cost": 105935.74398999999,
        "direct_profit": 3347.0811774532485,
        "direct_profit_rate": 1.8360470519661203,
        "sg_a": 10077.347180166698,
        "operating_profit": -6730.26600271345,
        "operating_profit_rate": -3.6918988211191763
      },
      "mc": {
        "tag_sales": 87619.15271844661,
        "net_sales": 73758.44072,
        "discount_rate": 15.819271892512255,
        "cogs_rate": 32.57825335309025,
        "gross_profit": 44150.767448512335,
        "gross_profit_rate": 59.858596545060394,
        "direct_cost": 28329.78791,
        "direct_profit": 15820.979538512336,
        "direct_profit_rate": 21.449720715452152,
        "sg_a": 4077.3266798333057,
        "operating_profit": 11743.65285867903,
        "operating_profit_rate": 15.921774842366855
      },
      "total": {
        "tag_sales": 311564.2667184466,
        "net_sales": 256056.66525999998,
        "gross_profit": 153433.59261596558,
        "direct_cost": 134265.5319,
        "direct_profit": 19168.060715965577,
        "sg_a": 14154.673860000003,
        "operating_profit": 5013.386855965575,
        "expense_detail": {
          "salary": 0.0,
          "marketing": 4270.554730000001,
          "fee": 65.39630999999999,
          "rent": 0.0,
          "insurance": 217.53439000000003,
          "travel": 153.95448999999996,
          "other": 2800.98075,
          "other_detail": {
            "depreciation": 409.92892000000006,
            "duty_free": 0.0,
            "govt_license": 0.0,