{
  "metadata": {
    "last_period": "2509",
    "previous_period": "2409",
    "generated_at": "2025-12-02T16:24:03.700016"
  },
  "current_month": {
    "hk": {
      "tag_sales": 21427.234999999997,
      "net_sales": 12713.693630000002,
      "discount_rate": 40.66572924598063,
      "cogs_rate": 30.861546625124525,
      "gross_profit": 5817.435378570699,
      "gross_profit_rate": 45.75724056181066,
      "direct_cost": 8940.341959999994,
      "direct_profit": -3122.9065814292953,
      "direct_profit_rate": -24.563330471172403,
      "sg_a": 1094.5175735020869,
      "operating_profit": -4217.424154931382,
      "operating_profit_rate": -33.17229656202893
    },
    "mc": {
      "tag_sales": 4274.536893203884,
      "net_sales": 3538.24563,
      "discount_rate": 17.225053417471223,
      "cogs_rate": 30.95207207366812,
      "gross_profit": 2158.4699214293005,
      "gross_profit_rate": 61.00395922567141,
      "direct_cost": 2828.10785,
      "direct_profit": -669.6379285706994,
      "direct_profit_rate": -18.92570495651822,
      "sg_a": 304.60636649791303,
      "operating_profit": -974.2442950686125,
      "operating_profit_rate": -27.534671047374754
    },
    "total": {
      "tag_sales": 25701.77189320388,
      "discount": 9449.83263320388,
      "discount_rate": 36.767241855813936,
      "net_sales": 16251.939260000001,
      "cogs": 7935.833860000001,
      "cogs_rate": 30.876602177371325,
      "gross_profit": 7975.905299999999,
      "gross_profit_rate": 49.07663739324115,
      "direct_cost": 11768.449809999995,
      "direct_profit": -3792.544509999995,
      "direct_profit_rate": -23.335950555355417,
      "sg_a": 1399.12394,
      "operating_profit": -5191.668449999996,
      "operating_profit_rate": -31.94491664621195,
      "expense_detail": {
        "salary": 562.567,
        "marketing": 415.84822,
        "fee": -86.45449000000002,
        "rent": 313.58,
        "insurance": 17.4444,
        "travel": 36.25185,
        "other": 139.88696000000002,
        "other_detail": {
          "depreciation": 58.8685,
          "duty_free": 0.0,
          "govt_license": 21.06,
          "logistics": 89.3989,
          "maintenance": 4.19215,
          "other_fee": 168.21207,
          "rent_free": -234.16,
          "retirement": 23.33394,
          "supplies": 4.3754,
          "transport": 0.0,
          "uniform": 0.0,
          "utilities": 1.073,
          "var_rent": 0.0,
          "communication": 3.533,
          "bonus": 0.0
        }
      }
    },
    "prev_month": {
      "hk": {
        "tag_sales": 12880.966,
        "net_sales": 10705.353799999999,
        "discount_rate": 16.89013230839986,
        "cogs_rate": 31.062140370528112,
        "gross_profit": 6218.659703173615,
        "gross_profit_rate": 58.08924972823986,
        "direct_cost": 9350.421909999997,
        "direct_profit": -3131.7622068263827,
        "direct_profit_rate": -29.25416819784492,
        "sg_a": 920.0170517967479,
        "operating_profit": -4051.7792586231308,
        "operating_profit_rate": -37.8481583544033
      },
      "mc": {
        "tag_sales": 4976.669029126214,
        "net_sales": 4201.88145,
        "discount_rate": 15.568396744724824,
        "cogs_rate": 32.14643510824129,
        "gross_profit": 2410.195856826385,
        "gross_profit_rate": 57.35992044293361,
        "direct_cost": 2466.20834,
        "direct_profit": -56.01248317361524,
        "direct_profit_rate": -1.3330334003977014,
        "sg_a": 361.1092782032523,
        "operating_profit": -417.12176137686754,
        "operating_profit_rate": -9.927023556956076
      },
      "total": {
        "tag_sales": 17857.635029126213,
        "net_sales": 14907.235249999998,
        "cogs": 5600.9254200000005,
        "gross_profit": 8628.85556,
        "direct_cost": 11816.630249999998,
        "direct_profit": -3187.7746899999984,
        "sg_a": 1281.12633,
        "operating_profit": -4468.901019999998,
        "expense_detail": {
          "salary": 430.35271,
          "marketing": 361.31817,
          "fee": 5.723,
          "rent": 113.40387,
          "insurance": 19.8426,
          "travel": 23.99942,
          "other": 326.48656,
          "other_detail": {
            "depreciation": 38.88249,
            "duty_free": 0.0,
            "govt_license": 5.48,
            "logistics": 109.98432,
            "maintenance": 8.38851,
            "other_fee": 139.79872,
            "rent_free": 0.0,
            "retirement": 15.11392,
            "supplies": 4.4066,
            "transport": 0.0,
            "uniform": 0.0,
            "utilities": 0.928,
            "var_rent": 0.0,
            "communication": 3.504,
            "bonus": 0.0
          }
        }
      }
    },
    "yoy": {
      "tag_sales": 143.92595576784774,
      "discount": 320.2899044414423,
      "net_sales": 109.02047889799019,
      "cogs": 141.6879044963252,
      "gross_profit": 92.43294483886342,
      "direct_cost": 99.59226582383752,
      "direct_profit": 0,
      "sg_a": 109.21045858139532,
      "operating_profit": 116.17327004481288
    },
    "change": {
      "tag_sales": 7844.136864077667,
      "discount": 6499.432854077664,
      "net_sales": 1344.704010000003,
      "cogs": 2334.90844,
      "gross_profit": -652.9502600000005,
      "direct_cost": -48.18044000000373,
      "direct_profit": -604.7698199999968,
      "sg_a": 117.9976099999999,
      "operating_profit": -722.7674299999971
    }
  },
  "cumulative": {
    "hk": {
      "tag_sales": 173171.71545,
      "net_sales": 133229.65972999998,
      "discount_rate": 23.064999740983975,
      "cogs_rate": 30.862020729609863,
      "gross_profit": 77750.29465455769,
      "gross_profit_rate": 58.358097447763924,
      "direct_cost": 81203.90325999998,
      "direct_profit": -3453.608605442292,
      "direct_profit_rate": -2.592222041579399,
      "sg_a": 8823.771116085225,
      "operating_profit": -12277.379721527517,
      "operating_profit_rate": -9.215200088635338
    },
    "mc": {
      "tag_sales": 59755.48349514563,
      "net_sales": 49462.55862,
      "discount_rate": 17.225071697364466,
      "cogs_rate": 31.568322146590017,
      "gross_profit": 29870.27584544231,
      "gross_profit_rate": 60.38966984082455,
      "direct_cost": 22790.05612,
      "direct_profit": 7080.219725442308,
      "direct_profit_rate": 14.31430140894379,
      "sg_a": 3275.8943989147747,
      "operating_profit": 3804.3253265275334,
      "operating_profit_rate": 7.691323361887852
    },
    "total": {
      "tag_sales": 232927.19894514562,
      "net_sales": 182692.21834999998,
      "discount_rate": 21.566816079291787,
      "cogs_rate": 31.04321632572784,
      "gross_profit": 107620.5705,
      "gross_profit_rate": 58.908130555304524,
      "direct_cost": 103993.95937999999,
      "direct_profit": 3626.611120000016,
      "direct_profit_rate": 1.9850933732996714,
      "sg_a": 12099.665514999999,
      "operating_profit": -8473.054394999983,
      "operating_profit_rate": -4.6378846737562665,
      "expense_detail": {
        "salary": 4454.46746,
        "marketing": 2720.2071300000002,
        "fee": 839.4878899999999,
        "rent": 1318.5838699999997,
        "insurance": 161.12574,
        "travel": 259.0083,
        "other": 2346.785125,
        "other_detail": {
          "depreciation": 366.56802,
          "duty_free": 0.0,
          "govt_license": 80.39483,
          "logistics": 912.90513,
          "maintenance": 52.17285,
          "other_fee": 993.52707,
          "rent_free": -468.32,
          "retirement": 172.06788,
          "supplies": 31.229599999999998,
          "transport": 0.0,
          "uniform": 0.0,
          "utilities": 8.132035,
          "var_rent": 0.0,
          "communication": 31.935710000000004,
          "bonus": 166.172
        }
      }
    },
    "prev_cumulative": {
      "hk": {
        "tag_sales": 187619.30700000003,
        "net_sales": 153020.96863,