{
  "metadata": {
    "last_period": "2512",
    "previous_period": "2412",
    "generated_at": "2026-01-14T20:36:15.545668"
  },
  "channel_direct_profit": {
    "hk_offline": {
      "direct_profit": 1428.0028426153622,
      "direct_profit_rate": 7.722017485634329,
      "yoy": 47.58100992327121
    },
    "mc_offline": {
      "direct_profit": 813.4262580000004,
      "direct_profit_rate": 14.169095741579344,
      "yoy": 55.66035556731699
    },
    "hk_online": {
      "direct_profit": 433.5640332846367,
      "direct_profit_rate": 31.798791628161954,
      "yoy": 368.4751299240927
    },
    "total": {
      "direct_profit": 2674.9931338999986,
      "direct_profit_rate": 10.45044834669597,
      "yoy": 58.4024166296641
    }
  },
  "current_month": {
    "hk": {
      "tag_sales": 24894.624239999997,
      "net_sales": 19856.07415,
      "discount": 5038.550089999997,
      "discount_rate": 20.239510512089566,
      "cogs": 7893.1586549,
      "cogs_rate": 31.70627754331592,
      "gross_profit": 11962.915495899999,
      "gross_profit_rate": 60.248140722721864,
      "operating_profit": -200.2644531249939,
      "operating_profit_rate": -1.0085803045059332,
      "sg_a": 2061.831329024992,
      "expense_detail": {
        "salary": 966.57826,
        "travel": 36.47846,
        "uniform": 0.0,
        "rent": 82.66,
        "maintenance": 6.2321,
        "utilities": 1.124,
        "supplies": 6.45786,
        "communication": 4.27713,
        "marketing": 420.09331,
        "fee": 121.0577526,
        "logistics": 90.7898,
        "other_fee": 852.77986,
        "insurance": 20.15515,
        "depreciation": 49.27054,
        "duty_free": 0.0
      },
      "direct_cost": 10101.34862,
      "rent_detail": {
        "base_rent": 4041.8264900000004,
        "var_rent": -98.25859000000001,
        "rent_free": 0.0,
        "govt_license": 206.98092000000003
      },
      "direct_profit": 1861.5668758999982,
      "direct_profit_rate": 9.37530179348166
    },
    "mc": {
      "tag_sales": 6688.222331,
      "net_sales": 5740.84806,
      "discount": 947.3742709999997,
      "discount_rate": 14.164814267745065,
      "cogs": 2149.066462,
      "cogs_rate": 32.132102607280984,
      "gross_profit": 3591.7815980000005,
      "gross_profit_rate": 62.56534854190166,
      "operating_profit": 217.30336402499233,
      "operating_profit_rate": 3.7852136435917503,
      "sg_a": 596.1228939750081,
      "expense_detail": {
        "salary": 0.0,
        "travel": 0.0,
        "uniform": 0.0,
        "rent": 0.0,
        "maintenance": 0.0,
        "utilities": 0.0,
        "supplies": 0.0,
        "communication": 0.0,
        "marketing": 0.0,
        "fee": 0.0,
        "logistics": 0.0,
        "other_fee": 0.0,
        "insurance": 0.0,
        "depreciation": 0.0,
        "duty_free": 0.0
      },
      "direct_cost": 2778.35534,
      "rent_detail": {
        "base_rent": 1641.88,
        "var_rent": 0.0,
        "rent_free": -333.33333,
        "govt_license": 0.0
      },
      "direct_profit": 813.4262580000004,
      "direct_profit_rate": 14.169095741579344
    },
    "total": {
      "tag_sales": 31582.846571,
      "net_sales": 25596.92221,
      "discount": 5985.924360999997,
      "cogs": 10042.225116900001,
      "gross_profit": 15554.697093899998,
      "sg_a": 2657.954223,
      "operating_profit": 17.038910899998427,
      "direct_cost": 12879.70396,
      "direct_profit": 2674.9931338999986,
      "expense_detail": {
        "salary": 966.57826,
        "travel": 36.47846,
        "uniform": 0.0,
        "rent": 82.66,
        "maintenance": 6.2321,
        "utilities": 1.124,
        "supplies": 6.45786,
        "communication": 4.27713,
        "marketing": 420.09331,
        "fee": 121.0577526,
        "logistics": 90.7898,
        "other_fee": 852.77986,
        "insurance": 20.15515,
        "depreciation": 49.27054,
        "duty_free": 0.0
      },
      "discount_rate": 18.95308691552962,
      "cogs_rate": 31.796453477758945,
      "gross_profit_rate": 60.767841407992464,
      "operating_profit_rate": 0.06656624870837714,
      "direct_profit_rate": 10.45044834669597
    },
    "yoy": {
      "tag_sales": 85.02913710972109,
      "discount": 85.9406912083015,
      "net_sales": 84.8187500858334,
      "cogs": 83.80728370203902,
      "gross_profit": 85.48483124156272,
      "direct_cost": 94.59535085670866,
      "direct_profit": 58.4024166296641,
      "sg_a": 113.89198501217368,
      "operating_profit": 0.7584552623814023
    },
    "change": {
      "tag_sales": -5560.711090000001,
      "discount": -979.2562500000022,
      "net_sales": -4581.454839999995,
      "cogs": -1940.2955821399992,
      "gross_profit": -2641.1592562700025,
      "direct_cost": -735.8742299999976,
      "direct_profit": -1905.285026270004,
      "sg_a": 324.20420300000023,
      "operating_profit": -2229.4892292700038
    }
  },
  "prev_month": {
    "hk": {
      "tag_sales": 28366.012999999995,
      "net_sales": 23043.517829999997,
      "discount": 5322.495169999998,
      "discount_rate": 18.763635093870963,
      "cogs": 9084.93112874,
      "cogs_rate": 32.027522263139346,
      "gross_profit": 13958.586700770002,
      "gross_profit_rate": 60.5748948738961,
      "operating_profit": 1336.8696129492773,
      "operating_profit_rate": 5.801499679049991,
      "sg_a": 1781.9980878207252,
      "expense_detail": {
        "salary": 761.81046,
        "travel": 53.12463,
        "uniform": 0.0,
        "rent": 120.91613,
        "maintenance": 8.38837,
        "utilities": 0.999,
        "supplies": 9.87024,
        "communication": 3.512,
        "marketing": 366.42017,
        "fee": 12.35958,
        "logistics": 104.90644,
        "other_fee": 837.39625,
        "insurance": 15.1643,
        "depreciation": 38.88245,
        "duty_free": 0.0
      },
      "direct_cost": 10839.719,
      "rent_detail": {
        "base_rent": 4506.6863299999995,
        "var_rent": 317.75068999999996,
        "rent_free": 0.0,
        "govt_license": 230.00591
      },
      "direct_profit": 3118.8677007700026,
      "direct_profit_rate": 13.534685649035744
    },
    "mc": {
      "tag_sales": 8777.544661,
      "net_sales": 7134.859219999999,
      "discount": 1642.6854410000005,
      "discount_rate": 18.714634951374364,
      "cogs": 2897.5895703,
      "cogs_rate": 33.01139079558823,
      "gross_profit": 4237.269649399999,
      "gross_profit_rate": 59.388272686899626,
      "operating_profit": 909.6585272207247,
      "operating_profit_rate": 12.749495108057996,
      "sg_a": 551.7519321792748,
      "expense_detail": {
        "salary": 0.0,
        "travel": 0.0,
        "uniform": 0.0,
        "rent": 0.0,
        "maintenance": 0.0,
        "utilities": 0.0,
        "supplies": 0.0,
        "communication": 0.0,
        "marketing": 0.0,
        "fee": 0.0,
        "logistics": 0.0,
        "other_fee": 0.0,
        "insurance": 0.0,
        "depreciation": 0.0,
        "duty_free": 0.0
      },
      "direct_cost": 2775.8591899999997,
      "rent_detail": {
        "base_rent": 1415.31,
        "var_rent": 0.0,
        "rent_free": 0.0,
        "govt_license": 0.0
      },
      "direct_profit": 1461.4104593999996,
      "direct_profit_rate": 20.482681078043747
    },
    "total": {
      "tag_sales": 37143.557661,
      "net_sales": 30178.377049999996,
      "discount": 6965.180610999999,
      "cogs": 11982.52069904,
      "gross_profit": 18195.85635017,
      "sg_a": 2333.75002,
      "operating_profit": 2246.528140170002,
      "direct_cost": 13615.578189999998,
      "direct_profit": 4580.278160170003,
      "expense_detail": {
        "salary": 761.81046,
        "travel": 53.12463,
        "uniform": 0.0,
        "rent": 120.91613,
        "maintenance": 8.38837,
        "utilities": 0.999,
        "supplies": 9.87024,
        "communication": 3.512,
        "marketing": 366.42017,
        "fee": 12.35958,