{
  "metadata": {
    "period": "202512",
    "previous_period": "202412",
    "generated_at": "2026-01-14T14:18:13.952976"
  },
  "summary": {
    "total_stores": 19,
    "hk_stores": 15,
    "mc_stores": 4,
    "total_direct_profit": 2435.3975127999997,
    "sales_per_store": 1260.4913415789474,
    "overall_yoy": 84.66607881347646
  },
  "categories": {
    "profit_improving": {
      "name": "흑자 & 성장",
      "count": 1,
      "total_direct_profit": 21.67364329999998,
      "avg_yoy": 113.43928626221644,
      "avg_rent_labor_ratio": 32.52833534354918,
      "stores": [
        {
          "shop_cd": "M21",
          "shop_nm": "Moko",
          "country": "HK",
          "current": {
            "net_sales": 1264.375,
            "direct_profit": 21.67364329999998,
            "rent_labor_ratio": 32.52833534354918,
            "rent": 234.1875,
            "labor_cost": 177.09264
          },
          "previous": {
            "net_sales": 1114.583,
            "direct_profit": -78.35988709999998
          },
          "yoy": 113.43928626221644,
          "category": "profit_improving",
          "previous_category": "loss_improving"
        }
      ]
    },
    "profit_deteriorating": {
      "name": "흑자 & 악화",
      "count": 9,
      "total_direct_profit": 1934.5831127000001,
      "avg_yoy": 82.68010624095501,
      "avg_rent_labor_ratio": 34.536507103024924,
      "stores": [
        {
          "shop_cd": "M05",
          "shop_nm": "LCX",
          "country": "HK",
          "current": {
            "net_sales": 1075.485,
            "direct_profit": 41.87158569999997,
            "rent_labor_ratio": 43.01871248785432,
            "rent": 312.35,
            "labor_cost": 150.3098
          },
          "previous": {
            "net_sales": 1357.838,
            "direct_profit": 179.8229705
          },
          "yoy": 79.20569316810989,
          "category": "profit_deteriorating",
          "previous_category": "profit_deteriorating"
        },
        {
          "shop_cd": "M17",
          "shop_nm": "TMT",
          "country": "HK",
          "current": {
            "net_sales": 895.941,
            "direct_profit": 140.05417550000004,
            "rent_labor_ratio": 30.142194631119683,
            "rent": 149.11116,
            "labor_cost": 120.94512
          },
          "previous": {
            "net_sales": 935.4265,
            "direct_profit": 154.17313969999998
          },
          "yoy": 95.77887733563246,
          "category": "profit_deteriorating",
          "previous_category": "profit_deteriorating"
        },
        {
          "shop_cd": "M14",
          "shop_nm": "NTP",
          "country": "HK",
          "current": {
            "net_sales": 1547.675,
            "direct_profit": 216.91424500000005,
            "rent_labor_ratio": 39.69648149643821,
            "rent": 401.57,
            "labor_cost": 212.80252
          },
          "previous": {
            "net_sales": 1858.027,
            "direct_profit": 407.95903599999997
          },
          "yoy": 83.29669052172008,
          "category": "profit_deteriorating",
          "previous_category": "profit_deteriorating"
        },
        {
          "shop_cd": "M10",
          "shop_nm": "ISQ",
          "country": "HK",
          "current": {
            "net_sales": 2285.67745,
            "direct_profit": 221.30936199999996,
            "rent_labor_ratio": 41.36699165492488,
            "rent": 648.501,
            "labor_cost": 297.015
          },
          "previous": {
            "net_sales": 2657.535,
            "direct_profit": 736.7716139999999
          },
          "yoy": 86.00742605459571,
          "category": "profit_deteriorating",
          "previous_category": "profit_improving"
        },
        {
          "shop_cd": "M18",
          "shop_nm": "LANGHAM ",
          "country": "HK",
          "current": {
            "net_sales": 1867.409,
            "direct_profit": 372.5880360000001,
            "rent_labor_ratio": 32.10238731847174,
            "rent": 376.86592,
            "labor_cost": 222.61695
          },
          "previous": {
            "net_sales": 2282.405,
            "direct_profit": 674.760972
          },
          "yoy": 81.81760029442627,
          "category": "profit_deteriorating",
          "previous_category": "profit_improving"
        },
        {
          "shop_cd": "M07",
          "shop_nm": "Citygate",
          "country": "HK",
          "current": {
            "net_sales": 2205.689,
            "direct_profit": 551.666265,
            "rent_labor_ratio": 12.517286888586742,
            "rent": 26.5142,
            "labor_cost": 249.57822
          },
          "previous": {
            "net_sales": 2224.9614,
            "direct_profit": 345.151605
          },
          "yoy": 99.13380969215913,
          "category": "profit_deteriorating",
          "previous_category": "profit_deteriorating"
        },
        {
          "shop_cd": "M01",
          "shop_nm": "Mongkok",
          "country": "HK",
          "current": {
            "net_sales": 1893.5765,
            "direct_profit": 56.12854399999992,
            "rent_labor_ratio": 42.67868396127646,
            "rent": 529.65,
            "labor_cost": 278.50353
          },
          "previous": {
            "net_sales": 2442.714,
            "direct_profit": 315.388293
          },
          "yoy": 77.51936984845544,
          "category": "profit_deteriorating",
          "previous_category": "profit_deteriorating"
        },
        {
          "shop_cd": "M11",
          "shop_nm": "APM",
          "country": "HK",
          "current": {
            "net_sales": 1303.1035,
            "direct_profit": 288.13254240000003,
            "rent_labor_ratio": 29.533256567878148,
            "rent": 177.55346,
            "labor_cost": 207.29544
          },
          "previous": {
            "net_sales": 1768.5035,
            "direct_profit": 474.48038199999996
          },
          "yoy": 73.68396500204834,
          "category": "profit_deteriorating",
          "previous_category": "profit_deteriorating"
        },
        {
          "shop_cd": "M09",
          "shop_nm": "Shangshui",
          "country": "HK",
          "current": {
            "net_sales": 629.782,
            "direct_profit": 45.91835709999998,
            "rent_labor_ratio": 39.77256892067413,
            "rent": 150.2,
            "labor_cost": 100.28048
          },
          "previous": {
            "net_sales": 930.563,
            "direct_profit": 193.0415531
          },
          "yoy": 67.67752425144778,
          "category": "profit_deteriorating",
          "previous_category": "profit_deteriorating"
        }
      ]
    },
    "loss_improving": {
      "name": "적자 & 성장",
      "count": 1,
      "total_direct_profit": -10.038419499999975,
      "avg_yoy": 113.82879128152581,
      "avg_rent_labor_ratio": 33.654434982967786,
      "stores": [
        {
          "shop_cd": "M15",
          "shop_nm": "Yuenlong",
          "country": "HK",
          "current": {
            "net_sales": 643.193,
            "direct_profit": -10.038419499999975,
            "rent_labor_ratio": 33.654434982967786,
            "rent": 88.36509,
            "labor_cost": 128.09788
          },
          "previous": {
            "net_sales": 565.053,
            "direct_profit": -58.709131100000036
          },
          "yoy": 113.82879128152581,
          "category": "loss_improving",
          "previous_category": "loss_improving"
        }
      ]
    },
    "loss_deteriorating": {
      "name": "적자 & 악화",
      "count": 4,
      "total_direct_profit": -324.2470817,
      "avg_yoy": 85.64996479817145,
      "avg_rent_labor_ratio": 52.44645048652202,
      "stores": [
        {
          "shop_cd": "M22",
          "shop_nm": "Yoho",
          "country": "HK",
          "current": {
            "net_sales": 746.56048,
            "direct_profit": -187.99261669999999,