{
  "metadata": {
    "period": "2512",
    "generated_at": "2026-01-16T10:44:14.685968",
    "source": "TW_Inventory_TAG_Summary (3).csv",
    "unit": "1K HKD",
    "exchange_rate": 4.02
  },
  "tag_detail": {
    "25F": {
      "stock_current": 32481.731343283584,
      "stock_previous": 28106.472636815924,
      "stock_yoy": 116,
      "sales_current": 9052.049751243781,
      "sales_previous": 9242.890547263682,
      "sales_yoy": 98,
      "sales_ytd_current": 27657.7512437811,
      "sales_ytd_previous": 25550.06716417911,
      "sales_ytd_yoy": 108
    },
    "25S": {
      "stock_current": 19870.60696517413,
      "stock_previous": 24500.870646766172,
      "stock_yoy": 81,
      "sales_current": 183.634328358209,
      "sales_previous": 264.0223880597015,
      "sales_yoy": 70,
      "sales_ytd_current": 27083.709203980103,
      "sales_ytd_previous": 28244.50248756219,
      "sales_ytd_yoy": 96
    },
    "과시즌F": {
      "stock_current": 25777.00995024876,
      "stock_previous": 35240.8631840796,
      "stock_yoy": 73,
      "sales_current": 4129.358208955225,
      "sales_previous": 4805.296019900498,
      "sales_yoy": 86,
      "sales_ytd_current": 32474.4328358209,
      "sales_ytd_previous": 28349.55721393035,
      "sales_ytd_yoy": 115
    },
    "과시즌F_1년차(24F)": {
      "stock_current": 12294.626865671644,
      "stock_previous": 26412.29850746269,
      "stock_yoy": 46,
      "sales_current": 2126.6044776119406,
      "sales_previous": 3977.552238805971,
      "sales_yoy": 54,
      "sales_ytd_current": 16176.527363184081,
      "sales_ytd_previous": 19646.671641791047,
      "sales_ytd_yoy": 82
    },
    "과시즌F_2년차(23F)": {
      "stock_current": 13483.970149253732,
      "stock_previous": 8826.905472636818,
      "stock_yoy": 153,
      "sales_current": 2002.7537313432838,
      "sales_previous": 827.7437810945275,
      "sales_yoy": 242,
      "sales_ytd_current": 12364.233830845773,
      "sales_ytd_previous": 8432.79104477612,
      "sales_ytd_yoy": 147
    },
    "과시즌F_3년차(22F)": {
      "stock_current": -1.5870646766169156,
      "stock_previous": 1.6592039800995027,
      "stock_yoy": -96,
      "sales_current": 0.0,
      "sales_previous": 0.0,
      "sales_yoy": 0,
      "sales_ytd_current": 3933.671641791045,
      "sales_ytd_previous": 270.0945273631841,
      "sales_ytd_yoy": 1456
    },
    "과시즌S": {
      "stock_current": 12511.228855721394,
      "stock_previous": 13585.853233830847,
      "stock_yoy": 92,
      "sales_current": 717.7139303482588,
      "sales_previous": 462.7338308457712,
      "sales_yoy": 155,
      "sales_ytd_current": 18133.733830845773,
      "sales_ytd_previous": 17292.940298507463,
      "sales_ytd_yoy": 105
    },
    "과시즌S_1년차(24S)": {
      "stock_current": 12508.654228855723,
      "stock_previous": 13585.853233830847,
      "stock_yoy": 92,
      "sales_current": 700.9029850746269,
      "sales_previous": 462.7338308457712,
      "sales_yoy": 152,
      "sales_ytd_current": 12074.196517412936,
      "sales_ytd_previous": 14999.651741293534,
      "sales_ytd_yoy": 80
    },
    "과시즌S_2년차(23S)": {
      "stock_current": 2.574626865671642,
      "stock_previous": 0.0,
      "stock_yoy": 0,
      "sales_current": 16.81094527363184,
      "sales_previous": 0.0,
      "sales_yoy": 0,
      "sales_ytd_current": 6059.5373134328365,
      "sales_ytd_previous": 2293.2885572139307,
      "sales_ytd_yoy": 264
    },
    "신발": {
      "stock_current": 34729.30597014926,
      "stock_previous": 38793.00995024876,
      "stock_yoy": 90,
      "sales_current": 4528.084577114429,
      "sales_previous": 3943.7686567164187,
      "sales_yoy": 115,
      "sales_ytd_current": 46536.8880597015,
      "sales_ytd_previous": 48174.151741293535,
      "sales_ytd_yoy": 97
    },
    "모자": {
      "stock_current": 26439.54228855722,
      "stock_previous": 25077.60447761194,
      "stock_yoy": 105,
      "sales_current": 3413.2786069651743,
      "sales_previous": 2921.5398009950254,
      "sales_yoy": 117,
      "sales_ytd_current": 40787.72562189055,
      "sales_ytd_previous": 32196.39626865672,
      "sales_ytd_yoy": 127
    },
    "가방": {
      "stock_current": 8052.73880597015,
      "stock_previous": 11165.544776119405,
      "stock_yoy": 72,
      "sales_current": 1036.0199004975125,
      "sales_previous": 763.5721393034827,
      "sales_yoy": 136,
      "sales_ytd_current": 10442.594527363186,
      "sales_ytd_previous": 10208.194029850747,
      "sales_ytd_yoy": 102
    },
    "기타ACC": {
      "stock_current": 2264.7810945273636,
      "stock_previous": 2987.6592039801,
      "stock_yoy": 76,
      "sales_current": 287.05721393034827,
      "sales_previous": 257.4328358208956,
      "sales_yoy": 112,
      "sales_ytd_current": 2916.4054726368163,
      "sales_ytd_previous": 2490.4203980099505,
      "sales_ytd_yoy": 117
    },
    "TOTAL": {
      "stock_current": 162126.94527363183,
      "stock_previous": 179457.87810945275,
      "stock_yoy": 90,
      "sales_current": 23347.196517412936,
      "sales_previous": 22661.256218905473,
      "sales_yoy": 103,
      "sales_ytd_current": 206033.24079601993,
      "sales_ytd_previous": 192506.22960199005,
      "sales_ytd_yoy": 107
    }
  },
  "past_season_inventory_tag": {
    "current": 25777.00995024876,
    "previous": 35240.8631840796,
    "yoy": 73
  },
  "ending_inventory_tag": {
    "current": 162126.94527363183,
    "previous": 179457.87810945275,
    "yoy": 90
  }
}